system,encoding,n,J,seed,nrmse,n_features,n_points,deterministic_J0
henon,depth,4,0.0,0,0.004837000183550138,64,1500,True
henon,depth,4,1.0,0,0.004396394098487305,64,1500,False
henon,depth,4,1.0,1,0.004440579671040144,64,1500,False
henon,depth,4,1.0,2,0.004415028094108374,64,1500,False
henon,depth,4,1.0,3,0.004413706092911823,64,1500,False
henon,depth,4,1.0,4,0.004432164994354656,64,1500,False
henon,depth,6,0.0,0,0.004837005821606095,96,1500,True
henon,depth,6,1.0,0,0.004389400700799065,96,1500,False
henon,depth,6,1.0,1,0.004567031618203596,96,1500,False
henon,depth,6,1.0,2,0.004426614544408188,96,1500,False
henon,depth,6,1.0,3,0.004386217051341267,96,1500,False
henon,depth,6,1.0,4,0.004386843810593769,96,1500,False
henon,depth,8,0.0,0,0.0050020571977856376,128,1200,True
henon,depth,8,1.0,0,0.004564324863423113,128,1200,False
henon,depth,8,1.0,1,0.004800765573815642,128,1200,False
henon,depth,8,1.0,2,0.004434611771926504,128,1200,False
henon,depth,8,1.0,3,0.004431498851085149,128,1200,False
henon,depth,8,1.0,4,0.004445965546595093,128,1200,False
henon,depth,6,0.25,0,0.004499156881811635,96,1500,False
henon,depth,6,0.25,1,0.004646663169322557,96,1500,False
henon,depth,6,0.25,2,0.004584069081160381,96,1500,False
henon,depth,6,0.25,3,0.0044956711743052765,96,1500,False
henon,depth,6,0.25,4,0.004484342283343276,96,1500,False
henon,depth,6,0.5,0,0.0044335178401397664,96,1500,False
henon,depth,6,0.5,1,0.0046207928840239585,96,1500,False
henon,depth,6,0.5,2,0.004476657261271269,96,1500,False
henon,depth,6,0.5,3,0.004442902522550302,96,1500,False
henon,depth,6,0.5,4,0.004429861669510902,96,1500,False
henon,depth,6,2.0,0,0.004377925287156168,96,1500,False
henon,depth,6,2.0,1,0.004486611852613084,96,1500,False
henon,depth,6,2.0,2,0.0044408223077347046,96,1500,False
henon,depth,6,2.0,3,0.0045279028604494525,96,1500,False
henon,depth,6,2.0,4,0.00411395504876249,96,1500,False
henon,depth,6,4.0,0,0.003131315176370849,96,1500,False
henon,depth,6,4.0,1,0.00442163039997057,96,1500,False
henon,depth,6,4.0,2,0.004299879661461085,96,1500,False
henon,depth,6,4.0,3,0.0034110224926021805,96,1500,False
henon,depth,6,4.0,4,0.003129140847168196,96,1500,False
henon,width,4,0.0,0,0.00026886801197316217,64,1500,True
henon,width,4,1.0,0,0.00025362303369665416,64,1500,False
henon,width,4,1.0,1,0.00026012978816771247,64,1500,False
henon,width,4,1.0,2,0.00025894404638792783,64,1500,False
henon,width,4,1.0,3,0.00027244322557132386,64,1500,False
henon,width,4,1.0,4,0.00026515355165227,64,1500,False
henon,width,6,0.0,0,0.00021745834236321738,96,1500,True
henon,width,6,1.0,0,8.166306754326583e-05,96,1500,False
henon,width,6,1.0,1,6.64334059228575e-05,96,1500,False
henon,width,6,1.0,2,7.347642564750501e-05,96,1500,False
henon,width,6,1.0,3,7.346085814644898e-05,96,1500,False
henon,width,6,1.0,4,7.440053263952314e-05,96,1500,False
henon,width,8,0.0,0,0.00010488079347259064,128,1200,True
henon,width,8,1.0,0,6.588167566708627e-05,128,1200,False
henon,width,8,1.0,1,5.691854700746824e-05,128,1200,False
henon,width,8,1.0,2,8.169615848577982e-05,128,1200,False
henon,width,8,1.0,3,5.566899092559742e-05,128,1200,False
henon,width,8,1.0,4,5.764739641157462e-05,128,1200,False
henon,width,6,0.25,0,0.00010034157459059454,96,1500,False
henon,width,6,0.25,1,0.00014357781433092912,96,1500,False
henon,width,6,0.25,2,0.00016241762533512818,96,1500,False
henon,width,6,0.25,3,9.48076728157694e-05,96,1500,False
henon,width,6,0.25,4,0.0001713506129366981,96,1500,False
henon,width,6,0.5,0,6.825136135320258e-05,96,1500,False
henon,width,6,0.5,1,8.822649742099642e-05,96,1500,False
henon,width,6,0.5,2,0.00010715707024827512,96,1500,False
henon,width,6,0.5,3,7.445766542795193e-05,96,1500,False
henon,width,6,0.5,4,0.00010523232379267339,96,1500,False
henon,width,6,2.0,0,8.617449909079344e-05,96,1500,False
henon,width,6,2.0,1,7.970116826062443e-05,96,1500,False
henon,width,6,2.0,2,8.201086796588601e-05,96,1500,False
henon,width,6,2.0,3,9.623761508229013e-05,96,1500,False
henon,width,6,2.0,4,9.303845896092206e-05,96,1500,False
henon,width,6,4.0,0,9.264974235136622e-05,96,1500,False
henon,width,6,4.0,1,9.098793819555773e-05,96,1500,False
henon,width,6,4.0,2,5.7220478969625305e-05,96,1500,False
henon,width,6,4.0,3,7.354924142751815e-05,96,1500,False
henon,width,6,4.0,4,8.606539265886888e-05,96,1500,False
mackeyglass,depth,4,0.0,0,0.007643283800105514,64,1500,True
mackeyglass,depth,4,1.0,0,0.004687752909468628,64,1500,False
mackeyglass,depth,4,1.0,1,0.0049675072290725495,64,1500,False
mackeyglass,depth,4,1.0,2,0.004508614445434251,64,1500,False
mackeyglass,depth,4,1.0,3,0.004828851810051393,64,1500,False
mackeyglass,depth,4,1.0,4,0.004691063629128739,64,1500,False
mackeyglass,depth,6,0.0,0,0.007642676930193907,96,1500,True
mackeyglass,depth,6,1.0,0,0.004520070388906503,96,1500,False
mackeyglass,depth,6,1.0,1,0.004619668760896657,96,1500,False
mackeyglass,depth,6,1.0,2,0.004581172612668992,96,1500,False
mackeyglass,depth,6,1.0,3,0.004745017038361798,96,1500,False
mackeyglass,depth,6,1.0,4,0.004625138554276815,96,1500,False
mackeyglass,depth,8,0.0,0,0.007050114215674347,128,1200,True
mackeyglass,depth,8,1.0,0,0.00395125003904408,128,1200,False
mackeyglass,depth,8,1.0,1,0.004306650688635121,128,1200,False
mackeyglass,depth,8,1.0,2,0.0038715698105875086,128,1200,False
mackeyglass,depth,8,1.0,3,0.004090923768489629,128,1200,False
mackeyglass,depth,8,1.0,4,0.004270412764614637,128,1200,False
mackeyglass,depth,6,0.25,0,0.0043185706149374056,96,1500,False
mackeyglass,depth,6,0.25,1,0.006700529618958757,96,1500,False
mackeyglass,depth,6,0.25,2,0.0045432109926650584,96,1500,False
mackeyglass,depth,6,0.25,3,0.004301582694561525,96,1500,False
mackeyglass,depth,6,0.25,4,0.0042842857092679,96,1500,False
mackeyglass,depth,6,0.5,0,0.0043342506990081625,96,1500,False
mackeyglass,depth,6,0.5,1,0.005591439258206053,96,1500,False
mackeyglass,depth,6,0.5,2,0.00429678175752853,96,1500,False
mackeyglass,depth,6,0.5,3,0.004385413890207662,96,1500,False
mackeyglass,depth,6,0.5,4,0.004371600759356065,96,1500,False
mackeyglass,depth,6,2.0,0,0.004396280641484968,96,1500,False
mackeyglass,depth,6,2.0,1,0.004481993149106702,96,1500,False
mackeyglass,depth,6,2.0,2,0.004745013562859762,96,1500,False
mackeyglass,depth,6,2.0,3,0.00559568489849815,96,1500,False
mackeyglass,depth,6,2.0,4,0.004130556248370946,96,1500,False
mackeyglass,depth,6,4.0,0,0.004386903673745564,96,1500,False
mackeyglass,depth,6,4.0,1,0.004644852235770526,96,1500,False
mackeyglass,depth,6,4.0,2,0.004313291847789568,96,1500,False
mackeyglass,depth,6,4.0,3,0.003993738254966481,96,1500,False
mackeyglass,depth,6,4.0,4,0.004008983144306199,96,1500,False
mackeyglass,width,4,0.0,0,0.004218093951935416,64,1500,True
mackeyglass,width,4,1.0,0,0.004067953116449362,64,1500,False
mackeyglass,width,4,1.0,1,0.004433009675983053,64,1500,False
mackeyglass,width,4,1.0,2,0.004437476663484182,64,1500,False
mackeyglass,width,4,1.0,3,0.004169420310110734,64,1500,False
mackeyglass,width,4,1.0,4,0.004281357749459892,64,1500,False
mackeyglass,width,6,0.0,0,0.004197991910632475,96,1500,True
mackeyglass,width,6,1.0,0,0.0037710899444100333,96,1500,False
mackeyglass,width,6,1.0,1,0.003654212566650848,96,1500,False
mackeyglass,width,6,1.0,2,0.004021415961677887,96,1500,False
mackeyglass,width,6,1.0,3,0.0033563661972987806,96,1500,False
mackeyglass,width,6,1.0,4,0.003887572820867155,96,1500,False
mackeyglass,width,8,0.0,0,0.0037271007585814742,128,1200,True
mackeyglass,width,8,1.0,0,0.0033353539354744437,128,1200,False
mackeyglass,width,8,1.0,1,0.0030445397275469474,128,1200,False
mackeyglass,width,8,1.0,2,0.0032875767415373592,128,1200,False
mackeyglass,width,8,1.0,3,0.002812621238258747,128,1200,False
mackeyglass,width,8,1.0,4,0.003479750614659278,128,1200,False
mackeyglass,width,6,0.25,0,0.004154957721033881,96,1500,False
mackeyglass,width,6,0.25,1,0.004121579984524288,96,1500,False
mackeyglass,width,6,0.25,2,0.004167212019389153,96,1500,False
mackeyglass,width,6,0.25,3,0.004066749447882686,96,1500,False
mackeyglass,width,6,0.25,4,0.0041810269439668925,96,1500,False
mackeyglass,width,6,0.5,0,0.004033794233013384,96,1500,False
mackeyglass,width,6,0.5,1,0.004025491446684949,96,1500,False
mackeyglass,width,6,0.5,2,0.004127303331962024,96,1500,False
mackeyglass,width,6,0.5,3,0.003805138235904897,96,1500,False
mackeyglass,width,6,0.5,4,0.004132727425943078,96,1500,False
mackeyglass,width,6,2.0,0,0.0037949657630171564,96,1500,False
mackeyglass,width,6,2.0,1,0.003513837280677594,96,1500,False
mackeyglass,width,6,2.0,2,0.0032443896879669194,96,1500,False
mackeyglass,width,6,2.0,3,0.0036981445700924056,96,1500,False
mackeyglass,width,6,2.0,4,0.003363143948446595,96,1500,False
mackeyglass,width,6,4.0,0,0.0031686795892463732,96,1500,False
mackeyglass,width,6,4.0,1,0.002567331718906343,96,1500,False
mackeyglass,width,6,4.0,2,0.003668455786255533,96,1500,False
mackeyglass,width,6,4.0,3,0.0036123354166223446,96,1500,False
mackeyglass,width,6,4.0,4,0.0029699090398531977,96,1500,False
