family,sr,leak,inp,gamma,tau,seed,val_cap,test_cap,test_cap_d15
dqrc4,,,,0.0,1.0,0,11.085198396012215,12.00372811869827,9.274848363321944
dqrc4,,,,0.0,1.0,1,11.040185826755385,9.478175717454492,7.937309032307803
dqrc4,,,,0.0,1.0,2,9.626917979486713,9.310539814209955,8.611807490687536
dqrc4,,,,0.0,4.0,0,9.598379738613986,9.777135282764052,9.080894610793145
dqrc4,,,,0.0,4.0,1,6.507797705255648,6.522510909981937,6.3892585372775565
dqrc4,,,,0.0,4.0,2,6.618408896633705,6.836522471061977,6.812729234403418
dqrc4,,,,0.0,10.0,0,11.71558059399456,10.787344275569149,9.720939975423674
dqrc4,,,,0.0,10.0,1,5.698277208865438,5.810604264927734,5.734981227579638
dqrc4,,,,0.0,10.0,2,4.8197988871606166,5.262603431187198,5.2186377491170335
dqrc4,,,,0.02,1.0,0,2.559209140423906,2.461729847460576,2.443093275706382
dqrc4,,,,0.02,1.0,1,5.071302670671801,4.573273867361762,4.509396881762961
dqrc4,,,,0.02,1.0,2,5.2634492494976675,4.553668786281733,4.52286919880361
dqrc4,,,,0.02,4.0,0,7.590596467802497,7.591001944263612,7.54727767874976
dqrc4,,,,0.02,4.0,1,6.741472573030409,6.2218324487563885,6.178983036891185
dqrc4,,,,0.02,4.0,2,5.812577896993289,5.73875468981098,5.713383142493216
dqrc4,,,,0.02,10.0,0,8.91748544556862,8.599504828406607,8.472602817532872
dqrc4,,,,0.02,10.0,1,5.250218708631234,5.265317675962664,5.244670453355583
dqrc4,,,,0.02,10.0,2,4.430894512717153,4.767242688853957,4.7153773248221285
dqrc4,,,,0.05,1.0,0,2.9570537266565893,2.8173835880703457,2.8069141018499613
dqrc4,,,,0.05,1.0,1,3.9997588452719857,4.015134971967726,3.98149470985139
dqrc4,,,,0.05,1.0,2,4.650526853482059,4.071353424272477,4.0292282456743465
dqrc4,,,,0.05,4.0,0,6.465669412667909,6.308106470866003,6.286775008449024
dqrc4,,,,0.05,4.0,1,5.760984778738804,5.521707012155758,5.480127947997332
dqrc4,,,,0.05,4.0,2,5.265122398975642,5.220994983895198,5.175209953421433
dqrc4,,,,0.05,10.0,0,7.206287999313894,7.023648954629921,6.98565149390802
dqrc4,,,,0.05,10.0,1,4.729702798440524,4.747357591936478,4.722453484187143
dqrc4,,,,0.05,10.0,2,4.322503246554771,4.4583909906526875,4.407564306064304
dqrc4,,,,0.1,1.0,0,3.364511119625347,3.0686121086896985,3.044662896266488
dqrc4,,,,0.1,1.0,1,3.4291758116643387,3.3947994416997456,3.364567551810359
dqrc4,,,,0.1,1.0,2,4.282356852584765,3.995229583626586,3.9748274493932207
dqrc4,,,,0.1,4.0,0,5.4926024842673025,5.3457715577552145,5.335923218701572
dqrc4,,,,0.1,4.0,1,4.905835895797929,4.832057998877083,4.782629910733029
dqrc4,,,,0.1,4.0,2,4.543284248988283,4.519211646054338,4.488293977579672
dqrc4,,,,0.1,10.0,0,5.8520550814383965,5.850294275126439,5.816120549786839
dqrc4,,,,0.1,10.0,1,4.306106147970391,4.297880436876991,4.266290377952837
dqrc4,,,,0.1,10.0,2,4.164993887755524,4.252523825797697,4.222445493422451
dqrc4,,,,0.2,1.0,0,3.558530754349126,3.341266141982486,3.298288607983391
dqrc4,,,,0.2,1.0,1,2.93301471068021,2.8253410960412557,2.801125567230029
dqrc4,,,,0.2,1.0,2,3.790693596319427,3.779168958070585,3.764894316244247
dqrc4,,,,0.2,4.0,0,4.613198628777005,4.743690151958799,4.723394246267846
dqrc4,,,,0.2,4.0,1,4.202496275671236,4.30336790775371,4.248943152989213
dqrc4,,,,0.2,4.0,2,3.7628028304421113,3.7661184352047696,3.725984086645666
dqrc4,,,,0.2,10.0,0,4.477887913988513,4.568301557034264,4.544197963167225
dqrc4,,,,0.2,10.0,1,3.8123366374829453,3.927488261080981,3.8698481547278094
dqrc4,,,,0.2,10.0,2,3.8046167690946406,3.8011439427906595,3.7786835464085025
dqrc4,,,,0.3,1.0,0,2.971126245218372,2.886128045824994,2.849781439161549
dqrc4,,,,0.3,1.0,1,2.557045403776905,2.379707397797391,2.35695269931202
dqrc4,,,,0.3,1.0,2,3.391818062035026,3.4280857759758305,3.4148795084382297
dqrc4,,,,0.3,4.0,0,4.221692891569907,4.291167876733114,4.276602307484899
dqrc4,,,,0.3,4.0,1,3.8057935500545366,3.872801978188308,3.8323006439186447
dqrc4,,,,0.3,4.0,2,3.1169122478539815,3.1037505986982166,3.077479097318781
dqrc4,,,,0.3,10.0,0,3.864650374544537,3.8962243989825205,3.871902709085332
dqrc4,,,,0.3,10.0,1,3.610226316166017,3.7187744942171497,3.661613874733833
dqrc4,,,,0.3,10.0,2,3.4502023112508082,3.542236664463424,3.5147069438185827
dqrc4,,,,0.5,1.0,0,2.083198949245669,2.0498441717436116,2.007646357512616
dqrc4,,,,0.5,1.0,1,1.9469802266105862,1.885541990934901,1.847398467877881
dqrc4,,,,0.5,1.0,2,2.1643637958970303,2.108697388427319,2.0749506789709438
dqrc4,,,,0.5,4.0,0,2.603804063253153,2.6043664817313807,2.5688442615889766
dqrc4,,,,0.5,4.0,1,2.524005545214052,2.4659144697222177,2.427383117606595
dqrc4,,,,0.5,4.0,2,2.4750790905449547,2.5027602046781223,2.4665555271605615
dqrc4,,,,0.5,10.0,0,2.31466434824396,2.321304288128077,2.281312820672532
dqrc4,,,,0.5,10.0,1,2.7210907376444506,2.672136079596954,2.6477273601416593
dqrc4,,,,0.5,10.0,2,2.79443852053073,2.7847921201888255,2.736551227550226
esn48,0.7,0.3,0.05,,,0,6.107846549206939,7.110948801827306,5.071375083503192
esn48,0.7,0.3,0.2,,,0,6.162780640627706,7.065600296498889,5.117039143041941
esn48,0.7,0.3,0.5,,,0,5.318610848777207,6.186292209139231,4.665352613971834
esn48,0.7,0.6,0.05,,,0,9.85297627851948,10.931576629958782,8.630368756665156
esn48,0.7,0.6,0.2,,,0,8.904369882351963,9.904108613953918,8.19221216760224
esn48,0.7,0.6,0.5,,,0,7.317256522177647,8.071661974917705,7.223560523848007
esn48,0.7,1.0,0.05,,,0,17.282006299991426,17.345313744329967,14.89780721794075
esn48,0.7,1.0,0.2,,,0,13.75317420697727,13.80715350988946,13.495232144257702
esn48,0.7,1.0,0.5,,,0,10.873286895601456,10.872800828096533,10.853854177024076
esn48,0.8,0.3,0.05,,,0,6.558610541232185,7.668750501251893,5.36304220502078
esn48,0.8,0.3,0.2,,,0,6.316212513857128,7.233079556839286,5.274285609065147
esn48,0.8,0.3,0.5,,,0,5.430877781475016,6.248933236041882,4.68508428299398
esn48,0.8,0.6,0.05,,,0,11.058955521950793,12.22454648847381,9.203214541024492
esn48,0.8,0.6,0.2,,,0,9.338650332935785,10.26932555116607,8.453977078972247
esn48,0.8,0.6,0.5,,,0,7.716845677377448,8.466102971132072,7.532002492133582
esn48,0.8,1.0,0.05,,,0,19.57343190465928,19.765050393402838,14.956333842111246
esn48,0.8,1.0,0.2,,,0,14.943803988317386,15.101159918424822,13.773238431736619
esn48,0.8,1.0,0.5,,,0,11.767944208316719,11.811545172045385,11.696655617900186
esn48,0.9,0.3,0.05,,,0,6.902768346705169,8.022499867839485,5.569527852923771
esn48,0.9,0.3,0.2,,,0,6.32161646777643,7.284251904241358,5.284131901691817
esn48,0.9,0.3,0.5,,,0,5.561758159334582,6.400538466072687,4.776230926317447
esn48,0.9,0.6,0.05,,,0,11.877003031017493,12.959174437423286,9.567134166538693
esn48,0.9,0.6,0.2,,,0,9.806231215045843,10.676259730548525,8.617362897050036
esn48,0.9,0.6,0.5,,,0,7.958119031954848,8.769063627544089,7.813110862220766
esn48,0.9,1.0,0.05,,,0,20.486920523582103,20.774336434168415,14.905476653574292
esn48,0.9,1.0,0.2,,,0,15.51229246206535,15.719410387487057,13.611377333747797
esn48,0.9,1.0,0.5,,,0,12.23977699357109,12.245346676150575,11.794609968805242
esn48,0.95,0.3,0.05,,,0,6.860530625518884,7.978256630375445,5.5589026479201875
esn48,0.95,0.3,0.2,,,0,6.374228743787211,7.276056474581098,5.263497008738893
esn48,0.95,0.3,0.5,,,0,5.621477023648157,6.474951851189416,4.801918487405375
esn48,0.95,0.6,0.05,,,0,11.86255021553792,12.855403092144593,9.51969235875797
esn48,0.95,0.6,0.2,,,0,9.918257460919904,10.81762050451639,8.605000347154368
esn48,0.95,0.6,0.5,,,0,7.986940576970131,8.82561903962771,7.878918990922425
esn48,0.95,1.0,0.05,,,0,19.937812609086922,20.284814086806914,14.78137278530813
esn48,0.95,1.0,0.2,,,0,15.468585032140957,15.72775461184592,13.46698302450159
esn48,0.95,1.0,0.5,,,0,12.325518461879092,12.278254128249952,11.645784563514422
esn48,0.99,0.3,0.05,,,0,6.8004884536680414,7.892963618212416,5.524050344659796
esn48,0.99,0.3,0.2,,,0,6.3767579112206,7.246660543547364,5.256266046541144
esn48,0.99,0.3,0.5,,,0,5.65179032864463,6.553552516015056,4.817827690206115
esn48,0.99,0.6,0.05,,,0,11.569660189412799,12.539452458356926,9.366455852248
esn48,0.99,0.6,0.2,,,0,9.873503779256009,10.790297081562564,8.549644316718624
esn48,0.99,0.6,0.5,,,0,7.979643828482192,8.856966982825563,7.912468510688508
esn48,0.99,1.0,0.05,,,0,19.342919631560253,19.729246370117107,14.626150537973832
esn48,0.99,1.0,0.2,,,0,15.247800692457457,15.575412430709214,13.392364935768933
esn48,0.99,1.0,0.5,,,0,12.336215495534319,12.261379718555027,11.523815269198028
esn48,1.1,0.3,0.05,,,0,6.762434535392663,7.784685689606111,5.49412687570629
esn48,1.1,0.3,0.2,,,0,6.291807195401768,7.157245169549465,5.28335508132854
esn48,1.1,0.3,0.5,,,0,5.719360351011995,6.697175820468215,4.902030879414493
esn48,1.1,0.6,0.05,,,0,11.01415888568357,11.974394143094699,9.092977368960778
esn48,1.1,0.6,0.2,,,0,9.293131013801181,10.291117474534662,8.31574498694811
esn48,1.1,0.6,0.5,,,0,8.023054535365285,9.001122398563501,7.871541324178268
esn48,1.1,1.0,0.05,,,0,18.6087458079699,18.830508925903192,14.513962698816167
esn48,1.1,1.0,0.2,,,0,14.539980682681641,14.776323145654686,13.042949500394869
esn48,1.1,1.0,0.5,,,0,12.012774299147063,12.009310177692395,11.292401052192714
esn48,1.3,0.3,0.05,,,0,6.795277398987235,8.00024380549612,5.487888122801106
esn48,1.3,0.3,0.2,,,0,6.2137223136391,7.021131618940393,5.21114263427739
esn48,1.3,0.3,0.5,,,0,5.346051917048899,6.136384495205067,4.642661129445818
esn48,1.3,0.6,0.05,,,0,11.041532279845638,12.084293292242194,9.155392411645774
esn48,1.3,0.6,0.2,,,0,9.242113366841545,10.039247594155034,8.287566321156003
esn48,1.3,0.6,0.5,,,0,7.73649077232993,8.52234530315924,7.543756973691484
esn48,1.3,1.0,0.05,,,0,18.544713404969198,18.277925363582458,14.345898821246397
esn48,1.3,1.0,0.2,,,0,14.226083266775746,14.449194062228862,12.73351318170968
esn48,1.3,1.0,0.5,,,0,11.309953041819185,11.48117011875168,10.72026468181838
