phase,system,model,seed,tau,gamma,beta,val_nrmse,test_nrmse,n_features
grid4,henon,dqrc4,0,1.0,0.0,1e-12,0.19950258139760457,0.20196170995908633,48
grid4,henon,dqrc4,0,1.0,0.02,1e-12,0.17352102478833306,0.15279224277261416,48
grid4,henon,dqrc4,0,1.0,0.05,1e-12,0.11707853285992088,0.10011506741909072,48
grid4,henon,dqrc4,0,1.0,0.1,1e-12,0.042601662247256034,0.03989683206335832,48
grid4,henon,dqrc4,0,1.0,0.2,1e-12,0.029251826327137742,0.023401464576188705,48
grid4,henon,dqrc4,0,4.0,0.0,1e-06,0.22441296772459984,0.17502177482562506,48
grid4,henon,dqrc4,0,4.0,0.02,1e-12,0.1446110156943844,0.1288051124866038,48
grid4,henon,dqrc4,0,4.0,0.05,1e-12,0.05138658781784027,0.04782032957345713,48
grid4,henon,dqrc4,0,4.0,0.1,1e-12,0.02514866001414351,0.021933084479914947,48
grid4,henon,dqrc4,0,4.0,0.2,1e-12,0.01948224683591088,0.016426920725198885,48
grid4,henon,dqrc4,0,10.0,0.0,1e-06,0.22525911848033878,0.189749394844733,48
grid4,henon,dqrc4,0,10.0,0.02,1e-06,0.18338173160685994,0.14299312674356213,48
grid4,henon,dqrc4,0,10.0,0.05,1e-12,0.09920546872722556,0.07796489398436922,48
grid4,henon,dqrc4,0,10.0,0.1,1e-12,0.030213682163674732,0.02733259336034846,48
grid4,henon,dqrc4,0,10.0,0.2,1e-12,0.013016305386415735,0.011203344524779963,48
ctrl4,henon,elmF,0,,,1e-06,0.005093495794722228,0.004301676435686554,48
ctrl4,henon,esnF,0,,,1e-06,0.022976103661313703,0.021333537411929056,48
ctrl4,henon,ngrc,0,,,1e-06,1.479803856793695e-06,1.5867011999559015e-06,21
grid4,henon,dqrc4,1,1.0,0.0,1e-12,0.21217739897860066,0.18674302293717868,48
grid4,henon,dqrc4,1,1.0,0.02,1e-12,0.17634669203946893,0.1444289124226801,48
grid4,henon,dqrc4,1,1.0,0.05,1e-12,0.11303351230366586,0.10183469228763911,48
grid4,henon,dqrc4,1,1.0,0.1,1e-12,0.059762335342924466,0.058598033440067754,48
grid4,henon,dqrc4,1,1.0,0.2,1e-12,0.038402721899180405,0.03412540625358552,48
grid4,henon,dqrc4,1,4.0,0.0,1e-12,0.14134502297187332,0.12463143960243184,48
grid4,henon,dqrc4,1,4.0,0.02,1e-12,0.12012155475156296,0.11218790092162526,48
grid4,henon,dqrc4,1,4.0,0.05,1e-12,0.09163975486427489,0.08276782852098023,48
grid4,henon,dqrc4,1,4.0,0.1,1e-09,0.041825293261404106,0.035853551057804904,48
grid4,henon,dqrc4,1,4.0,0.2,1e-12,0.022455255314112858,0.019250910709062565,48
grid4,henon,dqrc4,1,10.0,0.0,1e-06,0.1032501686232542,0.08690873474006704,48
grid4,henon,dqrc4,1,10.0,0.02,1e-06,0.0993693797162654,0.07437452382569198,48
grid4,henon,dqrc4,1,10.0,0.05,1e-12,0.07028980221392589,0.05733113466348845,48
grid4,henon,dqrc4,1,10.0,0.1,1e-12,0.027911975338261855,0.025302936552325603,48
grid4,henon,dqrc4,1,10.0,0.2,1e-12,0.01218299990635678,0.010699396285694092,48
ctrl4,henon,elmF,1,,,1e-06,0.00942818511806386,0.009367163800822559,48
ctrl4,henon,esnF,1,,,1e-06,0.03602333030122307,0.03945849852012221,48
ctrl4,henon,ngrc,1,,,1e-06,1.479803856793695e-06,1.5867011999559015e-06,21
grid4,henon,dqrc4,2,1.0,0.0,1e-12,0.18973979537463517,0.17195982901963477,48
grid4,henon,dqrc4,2,1.0,0.02,1e-12,0.158779548656103,0.13120085271342874,48
grid4,henon,dqrc4,2,1.0,0.05,1e-12,0.11612721989966363,0.10372182546644924,48
grid4,henon,dqrc4,2,1.0,0.1,1e-12,0.05652051674034192,0.04925370164642881,48
grid4,henon,dqrc4,2,1.0,0.2,1e-12,0.030203969270746617,0.02496366454699033,48
grid4,henon,dqrc4,2,4.0,0.0,1e-09,0.13590179899080346,0.13053615474125044,48
grid4,henon,dqrc4,2,4.0,0.02,1e-09,0.14405469063699458,0.12004044342534832,48
grid4,henon,dqrc4,2,4.0,0.05,1e-09,0.08766618064564419,0.06727342849660514,48
grid4,henon,dqrc4,2,4.0,0.1,1e-09,0.03279775772946053,0.027665086138172597,48
grid4,henon,dqrc4,2,4.0,0.2,1e-12,0.016761346174911526,0.013878064120472464,48
grid4,henon,dqrc4,2,10.0,0.0,1e-12,0.09588029327208127,0.07714445660491875,48
grid4,henon,dqrc4,2,10.0,0.02,1e-12,0.07648939730033004,0.06122761725016573,48
grid4,henon,dqrc4,2,10.0,0.05,1e-12,0.05077178368080902,0.041675875162078484,48
grid4,henon,dqrc4,2,10.0,0.1,1e-09,0.03280831307425438,0.026985912942171536,48
grid4,henon,dqrc4,2,10.0,0.2,1e-12,0.01653797693915054,0.01416944561295872,48
ctrl4,henon,elmF,2,,,1e-06,0.007483979542107883,0.00688172025968197,48
ctrl4,henon,esnF,2,,,1e-06,0.025671874377680922,0.025239170077907817,48
ctrl4,henon,ngrc,2,,,1e-06,1.479803856793695e-06,1.5867011999559015e-06,21
grid4,henon,dqrc4,3,1.0,0.0,1e-12,0.22496033410270735,0.17847100355149081,48
grid4,henon,dqrc4,3,1.0,0.02,1e-12,0.1860747967415175,0.14812389511364674,48
grid4,henon,dqrc4,3,1.0,0.05,1e-12,0.15033391027005208,0.13255817042185175,48
grid4,henon,dqrc4,3,1.0,0.1,1e-12,0.09490185511902872,0.08141343520173604,48
grid4,henon,dqrc4,3,1.0,0.2,1e-12,0.02598207698242248,0.02264301389556936,48
grid4,henon,dqrc4,3,4.0,0.0,1e-06,0.13698370690614903,0.12205450689239082,48
grid4,henon,dqrc4,3,4.0,0.02,1e-12,0.10980392042338859,0.09006462484356129,48
grid4,henon,dqrc4,3,4.0,0.05,1e-06,0.08411608241483623,0.0664572134549953,48
grid4,henon,dqrc4,3,4.0,0.1,1e-09,0.046930918418063135,0.03824276359483284,48
grid4,henon,dqrc4,3,4.0,0.2,1e-12,0.01661304896345141,0.014599126631002126,48
grid4,henon,dqrc4,3,10.0,0.0,1e-06,0.1531595889195249,0.14320755066004887,48
grid4,henon,dqrc4,3,10.0,0.02,1e-06,0.11331424107838411,0.08979567805631791,48
grid4,henon,dqrc4,3,10.0,0.05,1e-12,0.059297704585826505,0.05149705903575649,48
grid4,henon,dqrc4,3,10.0,0.1,1e-12,0.027529061759770854,0.023501467100486548,48
grid4,henon,dqrc4,3,10.0,0.2,1e-12,0.01547969795166351,0.013082336970576843,48
ctrl4,henon,elmF,3,,,1e-06,0.004818997923967343,0.0043300145856387945,48
ctrl4,henon,esnF,3,,,1e-06,0.030611596015769488,0.03006845018724984,48
ctrl4,henon,ngrc,3,,,1e-06,1.479803856793695e-06,1.5867011999559015e-06,21
grid4,henon,dqrc4,4,1.0,0.0,1e-12,0.16991553986432856,0.15494996556135454,48
grid4,henon,dqrc4,4,1.0,0.02,1e-12,0.156861375153548,0.14036115574060926,48
grid4,henon,dqrc4,4,1.0,0.05,1e-12,0.10623175649941022,0.10175945848570411,48
grid4,henon,dqrc4,4,1.0,0.1,1e-12,0.05060405353552976,0.05533462674640743,48
grid4,henon,dqrc4,4,1.0,0.2,1e-12,0.02964451153538028,0.024598809082672396,48
grid4,henon,dqrc4,4,4.0,0.0,1e-09,0.1153018293522108,0.10921297512976604,48
grid4,henon,dqrc4,4,4.0,0.02,1e-12,0.09542324750597628,0.07875422970521297,48
grid4,henon,dqrc4,4,4.0,0.05,1e-12,0.05382575633997269,0.04450623233526122,48
grid4,henon,dqrc4,4,4.0,0.1,1e-12,0.02194624643242027,0.019451171928127387,48
grid4,henon,dqrc4,4,4.0,0.2,1e-12,0.018775836153469533,0.01549229122273061,48
grid4,henon,dqrc4,4,10.0,0.0,1e-06,0.13521422558676305,0.10992843402049016,48
grid4,henon,dqrc4,4,10.0,0.02,1e-12,0.06854634022233662,0.06056914340559106,48
grid4,henon,dqrc4,4,10.0,0.05,1e-12,0.03501173966590244,0.031478541667779004,48
grid4,henon,dqrc4,4,10.0,0.1,1e-12,0.023784313382084768,0.020105866947627535,48
grid4,henon,dqrc4,4,10.0,0.2,1e-12,0.014592359425783439,0.011797815145677262,48
ctrl4,henon,elmF,4,,,1e-06,0.004111670383745079,0.003522656314676356,48
ctrl4,henon,esnF,4,,,1e-06,0.03229972124571358,0.032432119131106864,48
ctrl4,henon,ngrc,4,,,1e-06,1.479803856793695e-06,1.5867011999559015e-06,21
grid4,lorenz,dqrc4,0,1.0,0.0,1e-12,0.19575064348734197,0.3460329146584465,48
grid4,lorenz,dqrc4,0,1.0,0.02,1e-12,0.05478725990083695,0.06906843374195938,48
grid4,lorenz,dqrc4,0,1.0,0.05,1e-12,0.03669290141335201,0.051381861647924534,48
grid4,lorenz,dqrc4,0,1.0,0.1,1e-12,0.030096243217049984,0.04113094009865475,48
grid4,lorenz,dqrc4,0,1.0,0.2,1e-12,0.017733755552353615,0.022223094271562712,48
grid4,lorenz,dqrc4,0,4.0,0.0,1e-09,0.0831860425924724,0.13201283204984737,48
grid4,lorenz,dqrc4,0,4.0,0.02,1e-12,0.025063300256414154,0.03316631482521625,48
grid4,lorenz,dqrc4,0,4.0,0.05,1e-12,0.014056201445916275,0.020801124441695008,48
grid4,lorenz,dqrc4,0,4.0,0.1,1e-12,0.011194453825275558,0.014368097931524531,48
grid4,lorenz,dqrc4,0,4.0,0.2,1e-12,0.009131637709369861,0.012769487107033843,48
grid4,lorenz,dqrc4,0,10.0,0.0,1e-12,0.09874485439393499,0.1806972326414493,48
grid4,lorenz,dqrc4,0,10.0,0.02,1e-06,0.030290325823942407,0.03913126216144706,48
grid4,lorenz,dqrc4,0,10.0,0.05,1e-12,0.013022644515101375,0.015662827247934035,48
grid4,lorenz,dqrc4,0,10.0,0.1,1e-12,0.010821974588074495,0.01277820991379352,48
grid4,lorenz,dqrc4,0,10.0,0.2,1e-12,0.007643674167348668,0.010562646305211339,48
ctrl4,lorenz,elmF,0,,,1e-06,0.0023889943880815766,0.0030527834432504683,48
ctrl4,lorenz,esnF,0,,,1e-06,0.07064302370424663,0.09879292643994601,48
ctrl4,lorenz,ngrc,0,,,1e-06,0.0015374000700548393,0.0018550941268273865,56
grid4,lorenz,dqrc4,1,1.0,0.0,1e-12,0.16862272555800192,0.1985329195225405,48
grid4,lorenz,dqrc4,1,1.0,0.02,1e-12,0.04325213104838475,0.055283360973148336,48
grid4,lorenz,dqrc4,1,1.0,0.05,1e-12,0.026680894050960604,0.036316073398841686,48
grid4,lorenz,dqrc4,1,1.0,0.1,1e-12,0.02734634505528419,0.03477275760281551,48
grid4,lorenz,dqrc4,1,1.0,0.2,1e-12,0.015974038140459796,0.021693001165981305,48
grid4,lorenz,dqrc4,1,4.0,0.0,1e-12,0.020025206273430393,0.028652568182591664,48
grid4,lorenz,dqrc4,1,4.0,0.02,1e-09,0.013828533838379,0.01813282364692025,48
grid4,lorenz,dqrc4,1,4.0,0.05,1e-12,0.009377278651640272,0.012457309472789273,48
grid4,lorenz,dqrc4,1,4.0,0.1,1e-12,0.008097343091850952,0.010726400560892335,48
grid4,lorenz,dqrc4,1,4.0,0.2,1e-12,0.007544456692465202,0.00964171542477642,48
grid4,lorenz,dqrc4,1,10.0,0.0,1e-06,0.019511593395538693,0.030829442040652716,48
grid4,lorenz,dqrc4,1,10.0,0.02,1e-09,0.012261134061243217,0.016170437191220178,48
grid4,lorenz,dqrc4,1,10.0,0.05,1e-12,0.008337580299182384,0.010625076997729977,48
grid4,lorenz,dqrc4,1,10.0,0.1,1e-09,0.0082218664814901,0.009671931988245354,48
grid4,lorenz,dqrc4,1,10.0,0.2,1e-12,0.005791740579008211,0.009008441556191581,48
ctrl4,lorenz,elmF,1,,,1e-06,0.003378380909983165,0.004494070033797249,48
ctrl4,lorenz,esnF,1,,,1e-06,0.11701095552109772,0.14102563911252783,48
ctrl4,lorenz,ngrc,1,,,1e-06,0.0015374000700548393,0.0018550941268273865,56
grid4,lorenz,dqrc4,2,1.0,0.0,1e-12,0.13112261674345826,0.14491290745385255,48
grid4,lorenz,dqrc4,2,1.0,0.02,1e-12,0.059732554865447575,0.08192988402596733,48
grid4,lorenz,dqrc4,2,1.0,0.05,1e-12,0.03422267738524768,0.042835743298167465,48
grid4,lorenz,dqrc4,2,1.0,0.1,1e-12,0.0272429583600473,0.032741793612427066,48
grid4,lorenz,dqrc4,2,1.0,0.2,1e-12,0.019522702514444552,0.023165925007924994,48
grid4,lorenz,dqrc4,2,4.0,0.0,1e-09,0.042402537647093466,0.051478822648102655,48
grid4,lorenz,dqrc4,2,4.0,0.02,1e-12,0.02049470630741181,0.029143967887660497,48
grid4,lorenz,dqrc4,2,4.0,0.05,1e-09,0.016142553999155075,0.02197123303475957,48
grid4,lorenz,dqrc4,2,4.0,0.1,1e-12,0.012006995939506637,0.014909763681173993,48
grid4,lorenz,dqrc4,2,4.0,0.2,1e-12,0.009110760125897892,0.011860271192053897,48
grid4,lorenz,dqrc4,2,10.0,0.0,1e-06,0.024566037981671392,0.029980688868954553,48
grid4,lorenz,dqrc4,2,10.0,0.02,1e-09,0.012803815359231705,0.016060728704360577,48
grid4,lorenz,dqrc4,2,10.0,0.05,1e-09,0.009123009603159406,0.011654266500059832,48
grid4,lorenz,dqrc4,2,10.0,0.1,1e-12,0.007724361517722765,0.010716548466503193,48
grid4,lorenz,dqrc4,2,10.0,0.2,1e-12,0.006232531174679495,0.0075447895720441825,48
ctrl4,lorenz,elmF,2,,,1e-06,0.003040923183230003,0.004341036010420224,48
ctrl4,lorenz,esnF,2,,,1e-06,0.07642257667948162,0.09317472142009289,48
ctrl4,lorenz,ngrc,2,,,1e-06,0.0015374000700548393,0.0018550941268273865,56
grid4,lorenz,dqrc4,3,1.0,0.0,1e-12,0.03867605844303535,0.04929274570678001,48
grid4,lorenz,dqrc4,3,1.0,0.02,1e-12,0.020320061528567083,0.03564307996918356,48
grid4,lorenz,dqrc4,3,1.0,0.05,1e-12,0.012659816437301843,0.018261615926072516,48
grid4,lorenz,dqrc4,3,1.0,0.1,1e-12,0.008042635589598163,0.012026902724049916,48
grid4,lorenz,dqrc4,3,1.0,0.2,1e-12,0.007443278360288023,0.01164984608108195,48
grid4,lorenz,dqrc4,3,4.0,0.0,1e-06,0.034097829156142234,0.04407950603058397,48
grid4,lorenz,dqrc4,3,4.0,0.02,1e-09,0.01758831840488311,0.023186653263205587,48
grid4,lorenz,dqrc4,3,4.0,0.05,1e-12,0.010799288390951563,0.014226391152687859,48
grid4,lorenz,dqrc4,3,4.0,0.1,1e-12,0.008632925027543719,0.010530911352883126,48
grid4,lorenz,dqrc4,3,4.0,0.2,1e-12,0.005530894157131244,0.008266481698916332,48
grid4,lorenz,dqrc4,3,10.0,0.0,1e-12,0.039727748725508535,0.0712134402694267,48
grid4,lorenz,dqrc4,3,10.0,0.02,1e-06,0.02253741261564546,0.030989443809650078,48
grid4,lorenz,dqrc4,3,10.0,0.05,1e-12,0.010697803067739478,0.01438233155361105,48
grid4,lorenz,dqrc4,3,10.0,0.1,1e-12,0.008979673820558906,0.011515384847800392,48
grid4,lorenz,dqrc4,3,10.0,0.2,1e-12,0.007265629927155229,0.009836677890764953,48
ctrl4,lorenz,elmF,3,,,1e-06,0.0024039754697804602,0.003170696133561811,48
ctrl4,lorenz,esnF,3,,,1e-06,0.09898241723087531,0.11922634903197815,48
ctrl4,lorenz,ngrc,3,,,1e-06,0.0015374000700548393,0.0018550941268273865,56
grid4,lorenz,dqrc4,4,1.0,0.0,1e-12,0.04776815906219112,0.06800680748888598,48
grid4,lorenz,dqrc4,4,1.0,0.02,1e-12,0.030886293692712244,0.04708510291844453,48
grid4,lorenz,dqrc4,4,1.0,0.05,1e-12,0.021028903975415528,0.030441414835066613,48
grid4,lorenz,dqrc4,4,1.0,0.1,1e-12,0.01715446445753472,0.027970122098139254,48
grid4,lorenz,dqrc4,4,1.0,0.2,1e-12,0.012483514814438353,0.01792072794963412,48
grid4,lorenz,dqrc4,4,4.0,0.0,1e-06,0.01868517122816154,0.024351854591830473,48
grid4,lorenz,dqrc4,4,4.0,0.02,1e-12,0.010261664091521813,0.013267315981279629,48
grid4,lorenz,dqrc4,4,4.0,0.05,1e-12,0.008467445784935853,0.010866117398148892,48
grid4,lorenz,dqrc4,4,4.0,0.1,1e-12,0.010238887319997184,0.011658257357865898,48
grid4,lorenz,dqrc4,4,4.0,0.2,1e-09,0.01359848991215518,0.016997444351812656,48
grid4,lorenz,dqrc4,4,10.0,0.0,1e-06,0.02501974423421827,0.03224037789671153,48
grid4,lorenz,dqrc4,4,10.0,0.02,1e-12,0.020018259498937745,0.02532318232009048,48
grid4,lorenz,dqrc4,4,10.0,0.05,1e-12,0.01348246834711549,0.016725494002274764,48
grid4,lorenz,dqrc4,4,10.0,0.1,1e-12,0.01033697361174227,0.014109916486727823,48
grid4,lorenz,dqrc4,4,10.0,0.2,1e-12,0.005805273661680785,0.008022114039827992,48
ctrl4,lorenz,elmF,4,,,1e-06,0.002851882059667142,0.003499670335514324,48
ctrl4,lorenz,esnF,4,,,1e-06,0.09778035087071212,0.10967929690642153,48
ctrl4,lorenz,ngrc,4,,,1e-06,0.0015374000700548393,0.0018550941268273865,56
grid4,mackeyglass,dqrc4,0,1.0,0.0,1e-12,0.028803863663336933,0.033776792816013104,48
grid4,mackeyglass,dqrc4,0,1.0,0.02,1e-12,0.028400401517441127,0.0296305473956846,48
grid4,mackeyglass,dqrc4,0,1.0,0.05,1e-12,0.022149183545456003,0.023317000352112472,48
grid4,mackeyglass,dqrc4,0,1.0,0.1,1e-12,0.01182295354013665,0.012817506422017394,48
grid4,mackeyglass,dqrc4,0,1.0,0.2,1e-12,0.008221436828088746,0.008596509757835909,48
grid4,mackeyglass,dqrc4,0,4.0,0.0,1e-12,0.01599485203860061,0.01655141291408993,48
grid4,mackeyglass,dqrc4,0,4.0,0.02,1e-12,0.006400150518080701,0.0068342610235418684,48
grid4,mackeyglass,dqrc4,0,4.0,0.05,1e-12,0.004640037747365231,0.005175378520824218,48
grid4,mackeyglass,dqrc4,0,4.0,0.1,1e-12,0.0039438835094098654,0.004354710201134422,48
grid4,mackeyglass,dqrc4,0,4.0,0.2,1e-12,0.0037848681446761368,0.004091722363729217,48
grid4,mackeyglass,dqrc4,0,10.0,0.0,1e-12,0.01927583964134183,0.019909878046644743,48
grid4,mackeyglass,dqrc4,0,10.0,0.02,1e-12,0.0075286139652030225,0.008269134290116855,48
grid4,mackeyglass,dqrc4,0,10.0,0.05,1e-12,0.004707172543686162,0.005248055815118012,48
grid4,mackeyglass,dqrc4,0,10.0,0.1,1e-12,0.0029078269275407166,0.003314163578744591,48
grid4,mackeyglass,dqrc4,0,10.0,0.2,1e-12,0.0027464173820271336,0.003029808146486875,48
ctrl4,mackeyglass,elmF,0,,,1e-06,0.0018844217814879263,0.0021559085310872985,48
ctrl4,mackeyglass,esnF,0,,,1e-06,0.017686506659126775,0.017435190229938526,48
ctrl4,mackeyglass,ngrc,0,,,1e-06,0.001997581283302922,0.0022945731514897754,21
grid4,mackeyglass,dqrc4,1,1.0,0.0,1e-12,0.026866465202360225,0.02607931005195306,48
grid4,mackeyglass,dqrc4,1,1.0,0.02,1e-12,0.019803087068605642,0.020530628618975585,48
grid4,mackeyglass,dqrc4,1,1.0,0.05,1e-12,0.02236866261702491,0.02241494377990373,48
grid4,mackeyglass,dqrc4,1,1.0,0.1,1e-12,0.010190741386086779,0.010198937425343228,48
grid4,mackeyglass,dqrc4,1,1.0,0.2,1e-12,0.006432856387278363,0.007266381909944519,48
grid4,mackeyglass,dqrc4,1,4.0,0.0,1e-12,0.007970268447400718,0.008433994341173954,48
grid4,mackeyglass,dqrc4,1,4.0,0.02,1e-12,0.0039345859509469505,0.004424681670295211,48
grid4,mackeyglass,dqrc4,1,4.0,0.05,1e-12,0.003638298236381073,0.003942126860860271,48
grid4,mackeyglass,dqrc4,1,4.0,0.1,1e-12,0.0025410914431247514,0.0027080525028995673,48
grid4,mackeyglass,dqrc4,1,4.0,0.2,1e-12,0.0027416122839269193,0.0029163834213634704,48
grid4,mackeyglass,dqrc4,1,10.0,0.0,1e-12,0.010134901515810743,0.010252612553809817,48
grid4,mackeyglass,dqrc4,1,10.0,0.02,1e-12,0.006964552780460095,0.006913300341507653,48
grid4,mackeyglass,dqrc4,1,10.0,0.05,1e-12,0.006244587307841726,0.006152000666894618,48
grid4,mackeyglass,dqrc4,1,10.0,0.1,1e-12,0.004221019346941759,0.00440581911196762,48
grid4,mackeyglass,dqrc4,1,10.0,0.2,1e-12,0.002834967276454446,0.0032502209856754413,48
ctrl4,mackeyglass,elmF,1,,,1e-06,0.0018738685806722751,0.002123567878446512,48
ctrl4,mackeyglass,esnF,1,,,1e-06,0.014492578534712575,0.01483093756937594,48
ctrl4,mackeyglass,ngrc,1,,,1e-06,0.001997581283302922,0.0022945731514897754,21
grid4,mackeyglass,dqrc4,2,1.0,0.0,1e-12,0.014008316356456772,0.015259930271358836,48
grid4,mackeyglass,dqrc4,2,1.0,0.02,1e-12,0.012501043866982541,0.01408737914482812,48
grid4,mackeyglass,dqrc4,2,1.0,0.05,1e-12,0.012166840767933812,0.013468768210357116,48
grid4,mackeyglass,dqrc4,2,1.0,0.1,1e-12,0.011666795881741864,0.012974146320118946,48
grid4,mackeyglass,dqrc4,2,1.0,0.2,1e-09,0.010109883967430455,0.011201850710263176,48
grid4,mackeyglass,dqrc4,2,4.0,0.0,1e-12,0.009949288872453646,0.01158305527696567,48
grid4,mackeyglass,dqrc4,2,4.0,0.02,1e-09,0.005151677397358565,0.005381808148127059,48
grid4,mackeyglass,dqrc4,2,4.0,0.05,1e-12,0.00506641164078582,0.005545612716314924,48
grid4,mackeyglass,dqrc4,2,4.0,0.1,1e-12,0.00444006556820546,0.004668831705864571,48
grid4,mackeyglass,dqrc4,2,4.0,0.2,1e-12,0.0038675512100831834,0.004163703251274685,48
grid4,mackeyglass,dqrc4,2,10.0,0.0,1e-12,0.006159815240569015,0.006312343596784078,48
grid4,mackeyglass,dqrc4,2,10.0,0.02,1e-09,0.004252831049710293,0.004565746424431723,48
grid4,mackeyglass,dqrc4,2,10.0,0.05,1e-12,0.00444335028663131,0.004580645617074943,48
grid4,mackeyglass,dqrc4,2,10.0,0.1,1e-12,0.00366690138602141,0.0037739118473979136,48
grid4,mackeyglass,dqrc4,2,10.0,0.2,1e-12,0.003471701066312051,0.0037337408098609263,48
ctrl4,mackeyglass,elmF,2,,,1e-06,0.0019756502967208903,0.0022280413871440742,48
ctrl4,mackeyglass,esnF,2,,,1e-06,0.014041984903473881,0.014226759804920937,48
ctrl4,mackeyglass,ngrc,2,,,1e-06,0.001997581283302922,0.0022945731514897754,21
grid4,mackeyglass,dqrc4,3,1.0,0.0,1e-12,0.006937610877631636,0.006901226631434511,48
grid4,mackeyglass,dqrc4,3,1.0,0.02,1e-12,0.003779778268477709,0.0038615142438818383,48
grid4,mackeyglass,dqrc4,3,1.0,0.05,1e-12,0.0030736007033677613,0.0033011480916565463,48
grid4,mackeyglass,dqrc4,3,1.0,0.1,1e-12,0.0027464297488954924,0.0027495680809626805,48
grid4,mackeyglass,dqrc4,3,1.0,0.2,1e-12,0.002708126345309963,0.002879298383359964,48
grid4,mackeyglass,dqrc4,3,4.0,0.0,1e-12,0.013450087813726787,0.013981863447242778,48
grid4,mackeyglass,dqrc4,3,4.0,0.02,1e-06,0.007833487615404837,0.00820008316461636,48
grid4,mackeyglass,dqrc4,3,4.0,0.05,1e-09,0.004649349813837461,0.005204355280396374,48
grid4,mackeyglass,dqrc4,3,4.0,0.1,1e-12,0.004444892219815186,0.00503653204069476,48
grid4,mackeyglass,dqrc4,3,4.0,0.2,1e-12,0.002956367019906628,0.003162582631642195,48
grid4,mackeyglass,dqrc4,3,10.0,0.0,1e-12,0.015759712748269636,0.015414429564965748,48
grid4,mackeyglass,dqrc4,3,10.0,0.02,1e-12,0.00931120502200841,0.009606019994209933,48
grid4,mackeyglass,dqrc4,3,10.0,0.05,1e-12,0.0048970662374072235,0.005288613090465968,48
grid4,mackeyglass,dqrc4,3,10.0,0.1,1e-12,0.0032816188502786166,0.0037242825390035646,48
grid4,mackeyglass,dqrc4,3,10.0,0.2,1e-12,0.003328333847548697,0.003688182522238683,48
ctrl4,mackeyglass,elmF,3,,,1e-06,0.001890042844998088,0.0021582208241278417,48
ctrl4,mackeyglass,esnF,3,,,1e-06,0.012745876130461044,0.013358776358674397,48
ctrl4,mackeyglass,ngrc,3,,,1e-06,0.001997581283302922,0.0022945731514897754,21
grid4,mackeyglass,dqrc4,4,1.0,0.0,1e-12,0.01195620623914334,0.013051805858585761,48
grid4,mackeyglass,dqrc4,4,1.0,0.02,1e-12,0.00902383147325168,0.008979123458439304,48
grid4,mackeyglass,dqrc4,4,1.0,0.05,1e-12,0.006764567829991071,0.007074434701961747,48
grid4,mackeyglass,dqrc4,4,1.0,0.1,1e-12,0.0070336769385365375,0.0076201880213919975,48
grid4,mackeyglass,dqrc4,4,1.0,0.2,1e-12,0.004971257555964233,0.005132632787989575,48
grid4,mackeyglass,dqrc4,4,4.0,0.0,1e-09,0.008654880630055409,0.01053530520335283,48
grid4,mackeyglass,dqrc4,4,4.0,0.02,1e-12,0.005675134406332326,0.005993086303550432,48
grid4,mackeyglass,dqrc4,4,4.0,0.05,1e-12,0.0056874792786985725,0.006037053568673455,48
grid4,mackeyglass,dqrc4,4,4.0,0.1,1e-12,0.005131104289214931,0.0059129633243421974,48
grid4,mackeyglass,dqrc4,4,4.0,0.2,1e-09,0.0062912989267608615,0.006717956036517426,48
grid4,mackeyglass,dqrc4,4,10.0,0.0,1e-09,0.010161419684700815,0.011081166031833553,48
grid4,mackeyglass,dqrc4,4,10.0,0.02,1e-12,0.007948298433758546,0.008342895584069105,48
grid4,mackeyglass,dqrc4,4,10.0,0.05,1e-12,0.007741967736729079,0.00793265347109397,48
grid4,mackeyglass,dqrc4,4,10.0,0.1,1e-12,0.005687069815552979,0.006054358917626563,48
grid4,mackeyglass,dqrc4,4,10.0,0.2,1e-12,0.003840743212984013,0.004278495511797988,48
ctrl4,mackeyglass,elmF,4,,,1e-06,0.0018054497015621612,0.0020617782467060707,48
ctrl4,mackeyglass,esnF,4,,,1e-06,0.01405416175448706,0.014327917342894956,48
ctrl4,mackeyglass,ngrc,4,,,1e-06,0.001997581283302922,0.0022945731514897754,21
confirm5,henon,dqrc5,0,10.0,0.2,1e-12,0.010081606075742548,0.008032588079077188,60
confirm5,henon,dqrc5,1,10.0,0.2,1e-12,0.018447314556774206,0.015404033889989033,60
confirm5,henon,dqrc5,2,10.0,0.2,1e-12,0.01249339359822623,0.011505612271413697,60
confirm5,henon,dqrc5,3,10.0,0.2,1e-12,0.006709253289946514,0.005441131806235008,60
confirm5,henon,dqrc5,4,10.0,0.2,1e-12,0.0073875679940884125,0.006846112072513182,60
confirm5,lorenz,dqrc5,0,10.0,0.2,1e-12,0.00522693631885232,0.007523164156443259,60
confirm5,lorenz,dqrc5,1,10.0,0.2,1e-12,0.004705804223141967,0.007632427281482498,60
confirm5,lorenz,dqrc5,2,10.0,0.2,1e-12,0.005956764653356934,0.00862001697311594,60
confirm5,lorenz,dqrc5,3,4.0,0.2,1e-12,0.005214668957640291,0.007496459153928335,60
confirm5,lorenz,dqrc5,4,10.0,0.2,1e-12,0.005160171317626374,0.007616873012016725,60
confirm5,mackeyglass,dqrc5,0,10.0,0.2,1e-12,0.0021825533328633244,0.002552836844018538,60
confirm5,mackeyglass,dqrc5,1,4.0,0.1,1e-12,0.0031346000547868187,0.0036283305966276725,60
confirm5,mackeyglass,dqrc5,2,10.0,0.2,1e-12,0.002156362878291697,0.0024359093342507378,60
confirm5,mackeyglass,dqrc5,3,1.0,0.2,1e-12,0.003157532791936594,0.0034901418710657677,60
confirm5,mackeyglass,dqrc5,4,10.0,0.2,1e-12,0.002529846204375056,0.002855964459702241,60
grid4,henon,dqrc4,0,1.0,0.3,1e-12,0.02365128059229503,0.019391498606051036,48
grid4,henon,dqrc4,0,1.0,0.5,1e-12,0.031765362291397085,0.030157017915436773,48
grid4,henon,dqrc4,0,4.0,0.3,1e-12,0.01886158159016228,0.014951573759310312,48
grid4,henon,dqrc4,0,4.0,0.5,1e-12,0.018221532242691647,0.014225618462022594,48
grid4,henon,dqrc4,0,10.0,0.3,1e-12,0.010268794443150493,0.00867544205517694,48
grid4,henon,dqrc4,0,10.0,0.5,1e-12,0.01766576457947983,0.014164965878309017,48
grid4,henon,dqrc4,1,1.0,0.3,1e-12,0.024928206876203323,0.02087350512055443,48
grid4,henon,dqrc4,1,1.0,0.5,1e-12,0.027077663003077797,0.024486498665839133,48
grid4,henon,dqrc4,1,4.0,0.3,1e-12,0.013677773692949731,0.012411080572955714,48
grid4,henon,dqrc4,1,4.0,0.5,1e-12,0.016486860875499266,0.013713126207967326,48
grid4,henon,dqrc4,1,10.0,0.3,1e-12,0.011309382224272668,0.009417809354485236,48
grid4,henon,dqrc4,1,10.0,0.5,1e-12,0.017166991291835777,0.01366489224847822,48
grid4,henon,dqrc4,2,1.0,0.3,1e-12,0.021353511676915026,0.021101688892128982,48
grid4,henon,dqrc4,2,1.0,0.5,1e-12,0.05168739667472543,0.050249204821774335,48
grid4,henon,dqrc4,2,4.0,0.3,1e-12,0.015060061440121576,0.0127730547892139,48
grid4,henon,dqrc4,2,4.0,0.5,1e-12,0.018190625469509412,0.013868259808615602,48
grid4,henon,dqrc4,2,10.0,0.3,1e-12,0.010314428940822597,0.008939737151617522,48
grid4,henon,dqrc4,2,10.0,0.5,1e-12,0.012701207760007006,0.010625577625095013,48
grid4,henon,dqrc4,3,1.0,0.3,1e-12,0.021254390920315426,0.01669629066878838,48
grid4,henon,dqrc4,3,1.0,0.5,1e-09,0.0315285823692128,0.024550172104012443,48
grid4,henon,dqrc4,3,4.0,0.3,1e-12,0.013973500946735752,0.011577079317590546,48
grid4,henon,dqrc4,3,4.0,0.5,1e-12,0.02085444183404122,0.017175265542492116,48
grid4,henon,dqrc4,3,10.0,0.3,1e-12,0.012072677332425771,0.010209518856765416,48
grid4,henon,dqrc4,3,10.0,0.5,1e-12,0.019092182683627966,0.015570410557755078,48
grid4,henon,dqrc4,4,1.0,0.3,1e-12,0.019586210117684317,0.01605256998755271,48
grid4,henon,dqrc4,4,1.0,0.5,1e-12,0.02321900527059986,0.01998672431396141,48
grid4,henon,dqrc4,4,4.0,0.3,1e-12,0.017777210908401973,0.015297734443602426,48
grid4,henon,dqrc4,4,4.0,0.5,1e-12,0.02084326211828317,0.017069613705878447,48
grid4,henon,dqrc4,4,10.0,0.3,1e-12,0.012025227225711827,0.00937688703844934,48
grid4,henon,dqrc4,4,10.0,0.5,1e-12,0.016665123999495476,0.013889813978359637,48
grid4,lorenz,dqrc4,0,1.0,0.3,1e-12,0.020598147644245415,0.025206891674023624,48
grid4,lorenz,dqrc4,0,1.0,0.5,1e-12,0.025959710815611815,0.032747436750777174,48
grid4,lorenz,dqrc4,0,4.0,0.3,1e-12,0.007520795916457545,0.010386241367783015,48
grid4,lorenz,dqrc4,0,4.0,0.5,1e-12,0.009973910655781753,0.013035878009489875,48
grid4,lorenz,dqrc4,0,10.0,0.3,1e-12,0.008236605635442597,0.01078149333345949,48
grid4,lorenz,dqrc4,0,10.0,0.5,1e-12,0.01493286975420492,0.020435778257653713,48
grid4,lorenz,dqrc4,1,1.0,0.3,1e-12,0.013425063102107405,0.01640715265457662,48
grid4,lorenz,dqrc4,1,1.0,0.5,1e-12,0.022557473335238235,0.027186690144285586,48
grid4,lorenz,dqrc4,1,4.0,0.3,1e-12,0.006105294079260249,0.009727627593123702,48
grid4,lorenz,dqrc4,1,4.0,0.5,1e-12,0.00919953531447208,0.01199221123930648,48
grid4,lorenz,dqrc4,1,10.0,0.3,1e-12,0.005571244195144944,0.007196179829621032,48
grid4,lorenz,dqrc4,1,10.0,0.5,1e-12,0.010529333942608847,0.013349691636360586,48
grid4,lorenz,dqrc4,2,1.0,0.3,1e-12,0.018779435021751147,0.027248315020936238,48
grid4,lorenz,dqrc4,2,1.0,0.5,1e-09,0.028241171046811692,0.03554954969415972,48
grid4,lorenz,dqrc4,2,4.0,0.3,1e-12,0.009052128872097736,0.01283148838058998,48
grid4,lorenz,dqrc4,2,4.0,0.5,1e-12,0.02002574794884553,0.0294854493533239,48
grid4,lorenz,dqrc4,2,10.0,0.3,1e-12,0.006164925891496072,0.008352763873613712,48
grid4,lorenz,dqrc4,2,10.0,0.5,1e-12,0.012313017430626943,0.017176613035697414,48
grid4,lorenz,dqrc4,3,1.0,0.3,1e-12,0.008102250755155256,0.011484881104771824,48
grid4,lorenz,dqrc4,3,1.0,0.5,1e-12,0.021983059486126603,0.026359636280720293,48
grid4,lorenz,dqrc4,3,4.0,0.3,1e-12,0.006453141431701821,0.00818956104978461,48
grid4,lorenz,dqrc4,3,4.0,0.5,1e-12,0.009962358925799294,0.01158019281349692,48
grid4,lorenz,dqrc4,3,10.0,0.3,1e-12,0.007868390949313277,0.010401703079705388,48
grid4,lorenz,dqrc4,3,10.0,0.5,1e-12,0.020997781662265246,0.028090078855581548,48
grid4,lorenz,dqrc4,4,1.0,0.3,1e-12,0.015833246852383423,0.02024659600366871,48
grid4,lorenz,dqrc4,4,1.0,0.5,1e-12,0.020489196649159186,0.025950592291809963,48
grid4,lorenz,dqrc4,4,4.0,0.3,1e-12,0.00854153588421374,0.011711346527670197,48
grid4,lorenz,dqrc4,4,4.0,0.5,1e-12,0.009853075859735255,0.012664524508823499,48
grid4,lorenz,dqrc4,4,10.0,0.3,1e-12,0.006195174581224919,0.00815275985420674,48
grid4,lorenz,dqrc4,4,10.0,0.5,1e-12,0.014048583731050217,0.016681895724635302,48
grid4,mackeyglass,dqrc4,0,1.0,0.3,1e-12,0.009307053363896806,0.009855474368630048,48
grid4,mackeyglass,dqrc4,0,1.0,0.5,1e-12,0.011826841238422496,0.012131178968534337,48
grid4,mackeyglass,dqrc4,0,4.0,0.3,1e-12,0.0039001398368442696,0.004187296675386708,48
grid4,mackeyglass,dqrc4,0,4.0,0.5,1e-12,0.007400366194810772,0.008626726996293075,48
grid4,mackeyglass,dqrc4,0,10.0,0.3,1e-12,0.004112718604234506,0.004470785390649969,48
grid4,mackeyglass,dqrc4,0,10.0,0.5,1e-12,0.008778358774499685,0.009348314739642642,48
grid4,mackeyglass,dqrc4,1,1.0,0.3,1e-12,0.009588669905342816,0.010221599896877454,48
grid4,mackeyglass,dqrc4,1,1.0,0.5,1e-09,0.02486706423931632,0.02439640245699075,48
grid4,mackeyglass,dqrc4,1,4.0,0.3,1e-12,0.004216813626585844,0.0045297665045567264,48
grid4,mackeyglass,dqrc4,1,4.0,0.5,1e-12,0.00828616809886169,0.008835076697518799,48
grid4,mackeyglass,dqrc4,1,10.0,0.3,1e-12,0.0029780893106246997,0.003305176302450554,48
grid4,mackeyglass,dqrc4,1,10.0,0.5,1e-12,0.008412035553578097,0.008877495903983134,48
grid4,mackeyglass,dqrc4,2,1.0,0.3,1e-09,0.008664734119119563,0.010155164968349277,48
grid4,mackeyglass,dqrc4,2,1.0,0.5,1e-12,0.010894208822634142,0.011527006442291004,48
grid4,mackeyglass,dqrc4,2,4.0,0.3,1e-12,0.005403083689854215,0.005742889095679093,48
grid4,mackeyglass,dqrc4,2,4.0,0.5,1e-12,0.008376179459522123,0.009333730901731428,48
grid4,mackeyglass,dqrc4,2,10.0,0.3,1e-12,0.004092924108229434,0.0043966709194992746,48
grid4,mackeyglass,dqrc4,2,10.0,0.5,1e-12,0.00804126431271588,0.008520604805062544,48
grid4,mackeyglass,dqrc4,3,1.0,0.3,1e-12,0.002872659471894049,0.0031378108108134854,48
grid4,mackeyglass,dqrc4,3,1.0,0.5,1e-12,0.005815639134643868,0.0061382335037780756,48
grid4,mackeyglass,dqrc4,3,4.0,0.3,1e-12,0.0036902730589187193,0.003972427497838086,48
grid4,mackeyglass,dqrc4,3,4.0,0.5,1e-12,0.007960307052227694,0.008131199151376207,48
grid4,mackeyglass,dqrc4,3,10.0,0.3,1e-12,0.003921381580632656,0.0042424483394225086,48
grid4,mackeyglass,dqrc4,3,10.0,0.5,1e-12,0.008843111558003823,0.00938029059538551,48
grid4,mackeyglass,dqrc4,4,1.0,0.3,1e-12,0.005462754117258229,0.005677479589699695,48
grid4,mackeyglass,dqrc4,4,1.0,0.5,1e-12,0.00782608034278655,0.008178850263548273,48
grid4,mackeyglass,dqrc4,4,4.0,0.3,1e-12,0.004132556636765975,0.004472356444495706,48
grid4,mackeyglass,dqrc4,4,4.0,0.5,1e-12,0.007194480038050622,0.00778796991422198,48
grid4,mackeyglass,dqrc4,4,10.0,0.3,1e-12,0.004788090896721899,0.004988002417450156,48
grid4,mackeyglass,dqrc4,4,10.0,0.5,1e-12,0.008533140525714935,0.008998927104261638,48
