step,pred
0,0.09321234367372
1,0.4346572293772262
2,0.7581426259669453
3,0.6360677643192121
4,0.909930550363562
5,0.3361108411995417
6,0.9171172527392475
7,0.22621136866316505
8,0.7418221568302883
9,0.6101887399567634
10,0.9221014154083669
11,0.2936433044247533
12,0.8646471283296115
13,0.3588435766842757
14,0.9278041982716152
15,0.20354807582345735
16,0.6995421185449127
17,0.6671302350772983
18,0.8515707429741122
19,0.5057490383356491
20,1.0029131984625916
21,-0.005203317056341916
22,0.12286799615532562
23,0.22528017038475223
24,0.505290014465559
25,0.8131735420609134
26,0.5474039790785392
27,0.9799475594171625
28,0.09426835414347323
29,0.43775057558208097
30,0.7520910081598391
31,0.6496611798865608
32,0.8945724945014275
33,0.385532155232422
34,0.962647435562161
35,0.09772044129956114
36,0.44280511729329675
37,0.7629522601635861
38,0.630581022754102
39,0.9168114892248056
40,0.31449771978134144
41,0.8900196605717117
42,0.29670779648805023
43,0.8560171315097502
44,0.38668650151661055
45,0.951106527083315
46,0.13898120215825926
47,0.5528678604384893
48,0.7779523472793048
49,0.6322722618330712
50,0.92063113187666
51,0.30488014930990737
52,0.8782324049281041
53,0.3278285509547594
54,0.895177433598314
55,0.2909295135204122
56,0.8490635550506811
57,0.4003144437138495
58,0.9589158532619564
59,0.11861952806037124
60,0.5018192187367276
61,0.7805422173856851
62,0.6119560896418541
63,0.9384220574374602
64,0.24425611566434213
65,0.7840861846856138
66,0.5317413790623693
67,0.9746850487390049
68,0.10494282588255643
69,0.46978647647006877
70,0.7711116794256432
71,0.6205322163696039
72,0.9286758156038495
73,0.2764009008725008
74,0.8381346413293462
75,0.42082646490868925
76,0.9705417594734573
77,0.08640920737552804
78,0.41385922880113934
79,0.7408232694661327
80,0.659703457071001
81,0.8790551738764609
82,0.43110612266347914
83,0.990492408321014
84,0.018241101410577443
85,0.2014398082811235
86,0.42310920946649144
87,0.7793579453285702
88,0.5970997899365287
89,0.9448486698408924
90,0.22079990899371005
91,0.7395554730331897
92,0.6076077123954997
93,0.924234316036479
94,0.2895370503854515
95,0.8588067608415804
96,0.3721044879040001
97,0.9391349336541968
98,0.17248105052208196
99,0.63382281928775
100,0.735641601927389
101,0.7332127643343549
102,0.7754168825941328
103,0.6947044597396914
104,0.8428765638430686
105,0.5326794746230625
106,0.9964725247688957
107,0.025438297698846313
108,0.22732180221132214
109,0.47836042672219836
110,0.808189260143922
111,0.5511681447627383
112,0.9796342187469183
113,0.09424829916411781
114,0.43851161021686824
115,0.7557188935363062
116,0.6430547422395607
117,0.9019441105176966
118,0.36181375940836524
119,0.9425376352836405
120,0.15520582604610667
121,0.5910673865884295
122,0.7672032416870795
123,0.66429006195653
124,0.8832612088944289
125,0.41881010730750035
126,0.9854077781677146
127,0.03071267324262017
128,0.24224397513188034
129,0.5096522152915268
130,0.8144899225452678
131,0.5465307646674376
132,0.9830528355633561
133,0.07976733493662636
134,0.3970140911902016
135,0.7248758010723844
136,0.6840689216902449
137,0.8447827650118533
138,0.5266468485232298
139,0.9955373333814839
140,0.02774235808738368
141,0.23522433396249554
142,0.4940137310423127
143,0.8131499888013938
144,0.5467458506176142
145,0.981956736921906
146,0.08355780798941304
147,0.4071831844158904
148,0.7323904390112324
149,0.6750528137249567
150,0.8590421662565966
151,0.48854349220895976
152,1.0007418231644616
153,-0.0011864339435696536
154,0.13821200339031137
155,0.2674071125512416
156,0.5843833009451487
157,0.8010071309125912
158,0.5978213351740465
159,0.949730827339418
160,0.20829370516351986
161,0.7120866346574664
162,0.6484828979041906
163,0.8778823768557089
164,0.4339752236963328
165,0.9916339169273947
166,0.013713300870190182
167,0.18775906408184095
168,0.3911281713239143
169,0.7519923207162069
170,0.6405965975426504
171,0.8991562396559019
172,0.371530459354636
173,0.9482622730240386
174,0.1440057809417361
175,0.5621888923309042
176,0.7771234840841599
177,0.6371523055949524
178,0.9142636618112983
179,0.32399909150883843
180,0.9027748413004986
181,0.2655833792711437
182,0.8111150377733809
183,0.48491368965944837
184,0.9843219484271071
185,0.05858210655451046
186,0.3338228542245121
187,0.6553789090310262
188,0.7573841436662585
189,0.7071194699802081
190,0.8208265725455259
191,0.5889447245784911
192,0.9634306308041296
193,0.15701415217114345
194,0.6028451331416411
195,0.7591991937263174
196,0.6820528721784687
197,0.8577946449687133
198,0.4911813947291783
199,1.0022482318349581
200,-0.005227252103418678
201,0.12398755779412607
202,0.22884216512586342
203,0.5116184280016949
204,0.8129980927585292
205,0.5498087396415423
206,0.9783179514291724
207,0.10171635888715258
208,0.4584036335389978
209,0.7632671496973478
210,0.6352094385344413
211,0.9121448215977406
212,0.33070652559871405
213,0.9097941567532377
214,0.2456455740541692
215,0.777535618837895
216,0.549416917315412
217,0.9682567739747103
218,0.13058281172657438
219,0.5367829155433528
220,0.7780600917502225
221,0.6267341575712564
222,0.9256486877710008
223,0.28694267363197135
224,0.8522906049600092
225,0.3895347183578437
226,0.9519694083097683
227,0.13868654818853443
228,0.552274011890888
229,0.7783004540209832
230,0.6305027147539946
231,0.9218624611941779
232,0.30038133834909075
233,0.8720668767499422
234,0.3431431284682347
235,0.9118175812013423
236,0.24760656316819585
237,0.7810607446575739
238,0.5402435871772164
239,0.9702839963994752
240,0.1219960609120907
241,0.5152216577506197
242,0.7806171097385475
243,0.6155596198581463
244,0.936099492535039
245,0.25161836986149666
246,0.7970231648555517
247,0.5069205227694518
248,0.9819941799366578
249,0.07251678768269443
250,0.3764317262614467
251,0.706760798171918
252,0.7034108277437134
253,0.8114683437574852
254,0.6107425543274108
255,0.9457870781077471
256,0.21861851859960169
257,0.7370986455190707
258,0.614251611357922
259,0.918079337121334
260,0.3061159900028496
261,0.8821334129887619
262,0.3150141808007145
263,0.8805438577150122
264,0.3268865510292116
265,0.8964782216327194
266,0.2853545167752447
267,0.841182275078193
268,0.4184336994994773
269,0.9693090997208991
270,0.08938286396270989
271,0.4214361670033737
272,0.7470519308003896
273,0.6516252847686088
274,0.89006396171518
275,0.3981302632673618
276,0.9727917356365055
277,0.06807576151923911
278,0.35739490775992433
279,0.6901275491442522
280,0.7225873851768432
281,0.7763631895971068
282,0.6897712832128251
283,0.8498084860345099
284,0.5142433604274519
285,1.0028356634777724
286,-0.00251108557576174
287,0.13342696596677683
288,0.25438040646870164
289,0.5614955687419911
290,0.8084048102564978
291,0.5733489704322956
292,0.9687304208432073
293,0.13850863531729019
294,0.5557387893607775
295,0.7741211989382064
296,0.6417790620153241
297,0.9100826431980424
298,0.33660930097356356
299,0.9176065694675
300,0.22373093408125122
301,0.7386332456972191
302,0.6146530226461886
303,0.9184123598078493
304,0.30641654590312584
305,0.8821687755319907
306,0.3157816328758418
307,0.8808800832610277
308,0.32656920035726245
309,0.8952829711697694
310,0.28898369481555974
311,0.8460982249605724
312,0.40815889845550224
313,0.9640602374969189
314,0.10511721502403226
315,0.465394735044379
316,0.770874733536294
317,0.6205821349157228
318,0.9277389296955034
319,0.279928417985543
320,0.8425621790023152
321,0.41130294459171246
322,0.9655156838942212
323,0.10041649990338719
324,0.4528711985410654
325,0.7650469987415951
326,0.627216110551748
327,0.920390241848823
328,0.30366592093732336
329,0.8777529650069074
330,0.3276913349084385
331,0.895975992500226
332,0.28821076889871833
333,0.8462941416703504
334,0.4057643821786332
335,0.9628110754401193
336,0.1064161718440424
337,0.4697358455941574
338,0.7724396895006347
339,0.6185333229193226
340,0.9305343902496617
341,0.27036948304195896
342,0.8278782043459953
343,0.4432706137931355
344,0.9787320935957364
345,0.06540336209800302
346,0.3530365058143401
347,0.6811452214808922
348,0.7321293595892433
349,0.7588962456917567
350,0.727275933065652
351,0.7885061067241939
352,0.6660693260626616
353,0.886039954600589
354,0.4119627856387513
355,0.9841055985836462
356,0.031513362912882315
357,0.2443337021187304
358,0.513702539641832
359,0.8144110689173978
360,0.5473287767969968
361,0.9840285197672527
362,0.07746998534471672
363,0.3904714140620307
364,0.7195281127626183
365,0.6900923219956985
366,0.8342682737860283
367,0.5532852731622135
368,0.9851861865054499
369,0.0711964774841185
370,0.37183601377505227
371,0.705599802221859
372,0.706255263349207
373,0.8070599097156901
374,0.6203951310564104
375,0.9360377549838308
376,0.25142712166161374
377,0.79804708083911
378,0.5070131840696988
379,0.9832119036338511
380,0.06655024866370596
381,0.3583165810419997
382,0.6873464693520868
383,0.7257282884250396
384,0.7716061523815707
385,0.7013568181862553
386,0.8322484566179913
387,0.5609300174900813
388,0.9842318067039546
389,0.0769621745768081
390,0.3880141370767589
391,0.7219114212334308
392,0.6836888743570242
393,0.8424814642091869
394,0.5310500724845344
395,0.9953498378972139
396,0.031020631838901025
397,0.245810295877388
398,0.5161044142812532
399,0.8167273047710628
400,0.5435548979836238
401,0.98455503479029
402,0.07251108453817423
403,0.3758749563558039
404,0.7056944361668291
405,0.7075679293927797
406,0.8061202520476867
407,0.6235977646389532
408,0.9327304559860128
409,0.26209821963366764
410,0.8165693971789096
411,0.4688746181769954
412,0.98573072174276
413,0.04608790261836404
414,0.2947993689879045
415,0.5994703621199342
416,0.7955676445295268
417,0.6146601806926864
418,0.9396751122576514
419,0.2400431808786898
420,0.7753507364024275
421,0.548705394797997
422,0.9675600723011835
423,0.13326260712063132
424,0.5440691671978035
425,0.7781270385339116
426,0.6283960040490921
427,0.9248744801654727
428,0.28976402825736614
429,0.8583079619100102
430,0.3750091465201937
431,0.9419201675901281
432,0.16517684332161053
433,0.6158413959233213
434,0.749193044612646
435,0.7036149477645761
436,0.8258561562150799
437,0.5774356085243131
438,0.9734633561400603
439,0.11869208947812027
440,0.5057180402559354
441,0.7839458546737195
442,0.6055060878496565
443,0.9444320236484618
444,0.22120595031929824
445,0.7413434598644688
446,0.6057302822755428
447,0.9259860952173327
448,0.282590509380654
449,0.8487185539876059
450,0.39639693711402835
451,0.9561975553428619
452,0.1255443119221873
453,0.5193641034817
454,0.7824811376805023
455,0.6120965756757162
456,0.9394365287753796
457,0.2402766525621285
458,0.777381971110227
459,0.5441311476971142
460,0.9697955327748744
461,0.12376316824558842
462,0.5198103257959676
463,0.7806038459676463
464,0.6157415404286706
465,0.9365173871784389
466,0.24964558039901164
467,0.7945751351610122
468,0.5114799522782185
469,0.981680825376313
470,0.07417542732239646
471,0.3810482378694324
472,0.7117739883835963
473,0.6972318007104175
474,0.8220747923442504
475,0.5847044342903569
476,0.9675117727537081
477,0.14020997626877651
478,0.5611637226012149
479,0.7781715790389985
480,0.633721123811668
481,0.9193966976753423
482,0.3051921893471423
483,0.8799416449860624
484,0.32182442729259186
485,0.8899297303030744
486,0.30318682609144076
487,0.8671273662454126
488,0.3573571036556906
489,0.926781144117883
490,0.20553481485191938
491,0.7030361495318616
492,0.6631996010181282
493,0.8577897818132154
494,0.48933576513015176
495,1.0039355020728324
496,-0.01340891395123478
497,0.09369866131539695
498,0.14174372534655966
499,0.3100989659632454
500,0.6573127684435889
501,0.748270292955354
502,0.7198521063779397
503,0.7974829909436352
504,0.6465307559437221
505,0.9087784447113618
506,0.3441761194854287
507,0.927807427428986
508,0.19587458330675567
509,0.682766199655914
510,0.6896657382323435
511,0.8191205697122843
512,0.5907886041199824
513,0.9646473678140257
514,0.1508096454637773
515,0.5872746943113434
516,0.7667925881477888
517,0.6636097353617973
518,0.8833524995691118
519,0.41846475222186186
520,0.9831984729775733
521,0.040729662185245985
522,0.2730720392810486
523,0.5672937706855707
524,0.8098093699410178
525,0.5743937249925608
526,0.9696895661462275
527,0.1335424318092251
528,0.5424194075748012
529,0.7790107445908871
530,0.6280760473013514
531,0.9245217917706867
532,0.2897386792525758
533,0.8571115531567282
534,0.37712182708176556
535,0.9439627894051128
536,0.15899065073963037
537,0.602579705672019
538,0.7573844041808453
539,0.6846475472592015
540,0.8546197975879402
541,0.5010325333943602
542,1.0022299852717609
543,-0.0037082552502063493
544,0.12878741001789695
545,0.24192324371750473
546,0.5378280668808983
547,0.8126957835631048
548,0.5574549518831375
549,0.9762439380150347
550,0.11000796403281399
551,0.48101767072303314
552,0.771980461465537
553,0.6251286342511309
554,0.9247406889791687
555,0.2898604654165009
556,0.8566254837447449
557,0.37860298821863037
558,0.9454160501383866
559,0.15621786653747982
560,0.5959028961840316
561,0.7608551616670489
562,0.6769133430231715
563,0.8656957231169891
564,0.47024346071110834
565,1.00062879539413
566,-0.006516121612246906
567,0.11836186642309965
568,0.21372979111801893
569,0.4798058780953518
570,0.8062050739115403
571,0.5565821331129897
572,0.9728706082303598
573,0.12406820587472112
574,0.5172851457525312
575,0.7758711917447654
576,0.6283407080894623
577,0.9228366443780631
578,0.29732043309876666
579,0.866523552139248
580,0.3558384462445332
581,0.9253660899760803
582,0.21191159750291533
583,0.7164821557408692
584,0.6440167914661616
585,0.8824627295656899
586,0.4185554628307173
587,0.984531578116453
588,0.03494765782022391
589,0.2556480377350381
590,0.534098070958291
591,0.8147261448742116
592,0.5543761435159151
593,0.9794069279855133
594,0.09614880338626719
595,0.44282416269766767
596,0.7574006323922058
597,0.641762482273597
598,0.9037725029973842
599,0.35707304523013406
600,0.9371726597379411
601,0.1715108710360269
602,0.6283030617025229
603,0.7428306750800306
604,0.7198009018534473
605,0.7986752610600867
606,0.6419511750741975
607,0.9134539886990058
608,0.32617907501904675
609,0.9073826190137053
610,0.2524516310156635
611,0.7890118362589087
612,0.5268590062029102
613,0.9759665931195496
614,0.09859671923348579
615,0.45124572189263557
616,0.7638324679810795
617,0.630147767724182
618,0.9171938933051385
619,0.3148646578876484
620,0.8906659673604604
621,0.2965549002825725
622,0.8554773227813373
623,0.38816590049188804
624,0.9520941046750862
625,0.13570722431096272
626,0.5445195146921122
627,0.7799535888837035
628,0.6250376603818442
629,0.9280666380271088
630,0.27908645293735646
631,0.8422229365249061
632,0.41173944333307944
633,0.9664579811331189
634,0.09607755952914765
635,0.4408698098455748
636,0.7594628020181355
637,0.6340062967080176
638,0.9124941941186808
639,0.32879327790555024
640,0.9096135700694683
641,0.24555020948812967
642,0.7771454604757686
643,0.5495172795670218
644,0.9675905470417376
645,0.13159751431005517
646,0.5398996809877943
647,0.778924371291553
648,0.6258588994092857
649,0.9276710251077409
650,0.2801954084827365
651,0.8438145362825331
652,0.4080703402303474
653,0.9643874634873022
654,0.10214363481367172
655,0.45722494208764797
656,0.7678608953611317
657,0.6230266873671138
658,0.9252763303359295
659,0.2875914418937704
660,0.8549709932685898
661,0.3825423273383688
662,0.947702295167681
663,0.14905407046057384
664,0.5780068167661856
665,0.7698608408635401
666,0.6538424264506428
667,0.8961048479689548
668,0.3809157833959613
669,0.961181526502358
670,0.10131276466166561
671,0.45259051107396253
672,0.7689371789496313
673,0.61982257468045
674,0.9275784448702655
675,0.2783702114864077
676,0.8410735135873946
677,0.41432495512487044
678,0.9679079299316191
679,0.09326113541303904
680,0.43306231445323995
681,0.7545325677876678
682,0.6408932810922243
683,0.9037745453526416
684,0.35622839498074654
685,0.9387299208992772
686,0.16600359385398455
687,0.6160722047727054
688,0.7519602982829996
689,0.6993452408898353
690,0.8322771672317684
691,0.5596469482444508
692,0.9839704312623425
693,0.07676913152810982
694,0.3884098676083205
695,0.7226848483539658
696,0.6833969208498267
697,0.843608910240806
698,0.5280339392222242
699,0.9959346984991635
700,0.027425693120308736
701,0.2341492890226986
702,0.49297000163464233
703,0.8134529779419921
704,0.5445858496046414
705,0.9830663077130497
706,0.07847201350806188
707,0.39329591009152676
708,0.721767933840618
709,0.6880395445054601
710,0.8387953902307652
711,0.5423951480890246
712,0.9903639288733963
713,0.04963502212243043
714,0.30540022574248304
715,0.618935787183645
716,0.7865399455026969
717,0.6389210484255088
718,0.9141038809140003
719,0.3229212821348
720,0.9013757124971704
721,0.2686687871142386
722,0.8161438602717972
723,0.47375204081618527
724,0.984736758738018
725,0.051980243055620434
726,0.31333412724179777
727,0.6279920106079171
728,0.779315326265456
729,0.6573168240403824
730,0.8930556539226062
731,0.3904152508783376
732,0.9662385972781564
733,0.08922539984188305
734,0.4187118792183373
735,0.7479116619586934
736,0.6496644383545176
737,0.8916225225220087
738,0.392630885134885
739,0.9687724504569033
740,0.08087342791168517
741,0.39584568726828273
742,0.7294464070241409
743,0.6750489311244063
744,0.8562932362986304
745,0.49435927388995893
746,1.0013015351021304
747,-0.0010504820039471952
748,0.1389061869220365
749,0.2694574141434414
750,0.5887965601733773
751,0.7992848979844807
752,0.6018639718419312
753,0.9469404559570487
754,0.21745467289976972
755,0.7319537772238007
756,0.6203462558286725
757,0.9113091155856585
758,0.3312849049322786
759,0.9125789954737691
760,0.23640989838670556
761,0.7607443224707131
762,0.5781545291484864
763,0.9501845699542004
764,0.19838671641822003
765,0.6963753875963352
766,0.6680406363229032
767,0.8498379396975686
768,0.5113301418881058
769,1.0005687500631044
770,0.00578599614284947
771,0.16121068983872178
772,0.3265064789679686
773,0.6788209964944327
774,0.732556598740338
775,0.7542315819893037
776,0.7345574897640663
777,0.7750488956994701
778,0.6965612062474733
779,0.8422793329519713
780,0.5358467241446832
781,0.9963902345655384
782,0.024075172232629782
783,0.22435733158858184
784,0.4721354892176848
785,0.8057992558833318
786,0.5544206867930761
787,0.9779392564570859
788,0.10000042614852589
789,0.45511960934215523
790,0.7636237004480817
791,0.6326809476500665
792,0.9146421501244308
793,0.3218997501536123
794,0.8996916702125572
795,0.27224658481631536
796,0.8216778564413127
797,0.46309277896282364
798,0.9848557371662832
799,0.04968700998751885
